code,numero,nom,prenom,date_naissance,classe,notes,erreurs
AAD003,2014079LH,CISSE,Baba,16/08/1999,6emeA,"{'Math': {'devoirs': [11.0, 13.0], 'examen': 6.0, 'moyenne': 8.0}, 'Francais': {'devoirs': [8.0, 17.0], 'examen': 12.0, 'moyenne': 12.17}, 'Anglais': {'devoirs': [13.0, 13.0], 'examen': 12.0, 'moyenne': 12.33}, 'PC': {'devoirs': [9.0, 18.0], 'examen': 7.0, 'moyenne': 9.17}, 'SVT': {'devoirs': [15.0, 10.0], 'examen': 10.0, 'moyenne': 10.83}, 'HG': {'devoirs': [14.0, 19.0], 'examen': 17.0, 'moyenne': 16.83}}","{'numero': ""'2014079LH' → Longueur invalide (9 au lieu de 7)""}"
AAD003,2016023LD,NDIAYE,mbaye,12/09/2000,5emeA,"{'Math': {'devoirs': [5.0, 13.0], 'examen': 5.0, 'moyenne': 6.33}, 'Francais': {'devoirs': [11.0, 17.0], 'examen': 15.0, 'moyenne': 14.67}, 'Anglais': {'devoirs': [19.0, 14.0], 'examen': 15.0, 'moyenne': 15.5}, 'PC': {'devoirs': [13.0, 11.0], 'examen': 7.0, 'moyenne': 8.67}, 'SVT': {'devoirs': [12.0, 9.0], 'examen': 12.0, 'moyenne': 11.5}, 'HG': {'devoirs': [16.0, 15.0], 'examen': 17.0, 'moyenne': 16.5}}","{'numero': ""'2016023LD' → Longueur invalide (9 au lieu de 7)""}"
AAD003,286325HG,GAYE,Awa,13/04/2012,3emeA,"{'Math': {'devoirs': [4.0, 13.0], 'examen': 5.0, 'moyenne': 6.17}, 'Francais': {'devoirs': [15.0, 6.0], 'examen': 11.0, 'moyenne': 10.83}, 'Anglais': {'devoirs': [15.0, 13.0], 'examen': 13.0, 'moyenne': 13.33}, 'PC': {'devoirs': [14.0, 13.0], 'examen': 7.0, 'moyenne': 9.17}, 'SVT': {'devoirs': [12.0, 19.0], 'examen': 10.0, 'moyenne': 11.83}, 'HG': {'devoirs': [18.0, 15.0], 'examen': 17.0, 'moyenne': 16.83}}","{'numero': ""'286325HG' → Longueur invalide (8 au lieu de 7)""}"
AAD003,201817JK,NDAO,Ndiaga,12/04/2000,6emeB,"{'Math': {'devoirs': [4.0, 13.0], 'examen': 5.0, 'moyenne': 6.17}, 'Francais': {'devoirs': [15.0, 16.0], 'examen': 14.0, 'moyenne': 14.5}, 'Anglais': {'devoirs': [15.0, 16.0], 'examen': 11.0, 'moyenne': 12.5}, 'PC': {'devoirs': [4.0, 3.0], 'examen': 7.0, 'moyenne': 5.83}, 'SVT': {'devoirs': [12.0, 9.0], 'examen': 11.0, 'moyenne': 10.83}, 'HG': {'devoirs': [16.0, 15.0], 'examen': 10.0, 'moyenne': 11.83}}","{'numero': ""'201817JK' → Longueur invalide (8 au lieu de 7)""}"
AAD003,65281LKJ,DEME,Saliou,19/03/2005,5emeB,"{'Math': {'devoirs': [20.0, 19.5], 'examen': 5.0, 'moyenne': 9.92}, 'Francais': {'devoirs': [13.0, 16.0], 'examen': 14.0, 'moyenne': 14.17}, 'Anglais': {'devoirs': [17.0, 19.0], 'examen': 17.0, 'moyenne': 17.33}, 'PC': {'devoirs': [14.0, 13.0], 'examen': 17.0, 'moyenne': 15.83}, 'SVT': {'devoirs': [12.0, 19.0], 'examen': 10.0, 'moyenne': 11.83}, 'HG': {'devoirs': [16.0, 19.0], 'examen': 17.0, 'moyenne': 17.17}}","{'numero': ""'65281LKJ' → Longueur invalide (8 au lieu de 7)""}"
AAD003,2007095KH,Ngadeu,Dinka,03/12/2001,3emeB,"{'Math': {'devoirs': [12.0, 13.0], 'examen': 15.0, 'moyenne': 14.17}, 'Francais': {'devoirs': [5.0, 18.0], 'examen': 12.0, 'moyenne': 11.83}, 'Anglais': {'devoirs': [12.0, 14.0], 'examen': 18.0, 'moyenne': 16.33}, 'PC': {'devoirs': [24.0, 13.0], 'examen': 7.0, 'moyenne': 10.83}, 'SVT': {'devoirs': [17.0, 9.0], 'examen': 12.0, 'moyenne': 12.33}, 'HG': {'devoirs': [16.0, 15.0], 'examen': 17.0, 'moyenne': 16.5}}","{'numero': ""'2007095KH' → Longueur invalide (9 au lieu de 7)""}"
AAD003,201607RK,BA,Mouhamed,19/06/1996,4emeC,"{'Math': {'devoirs': [4.0, 3.0], 'examen': 5.0, 'moyenne': 4.5}, 'Francais': {'devoirs': [15.0, 16.0], 'examen': 14.0, 'moyenne': 14.5}, 'Anglais': {'devoirs': [15.0, 16.0], 'examen': 14.0, 'moyenne': 14.5}, 'PC': {'devoirs': [4.0, 3.0], 'examen': 7.0, 'moyenne': 5.83}, 'SVT': {'devoirs': [12.0, 9.0], 'examen': 15.0, 'moyenne': 13.5}, 'HG': {'devoirs': [16.0, 15.0], 'examen': 13.0, 'moyenne': 13.83}}","{'numero': ""'201607RK' → Longueur invalide (8 au lieu de 7)""}"
AAD003,2014067K,GUEYE,Mansour,34-13-1992,4emeC,"{'Math': {'devoirs': [14.0, 12.0], 'examen': 15.0, 'moyenne': 14.33}, 'Francais': {'devoirs': [18.0, 6.0], 'examen': 14.0, 'moyenne': 13.33}, 'Anglais': {'devoirs': [15.0, 12.0], 'examen': 12.0, 'moyenne': 12.5}, 'PC': {'devoirs': [18.0, 13.0], 'examen': 7.0, 'moyenne': 9.83}, 'SVT': {'devoirs': [11.0, 19.0], 'examen': 12.0, 'moyenne': 13.0}, 'HG': {'devoirs': [13.0, 15.0], 'examen': 12.0, 'moyenne': 12.67}}","{'numero': ""'2014067K' → Longueur invalide (8 au lieu de 7)"", 'date_naissance': ""'34-13-1992' → Format de date non reconnu : '34-13-1992'""}"
AAD003,20133HGF,DANSOKHO,Siriman,13/04/2010,6emeC,"{'Math': {'devoirs': [4.0, 3.0], 'examen': 5.0, 'moyenne': 4.5}, 'Francais': {'devoirs': [15.0, 15.0], 'examen': 14.0, 'moyenne': 14.33}, 'Anglais': {'devoirs': [15.0, 6.0], 'examen': 15.0, 'moyenne': 13.5}, 'PC': {'devoirs': [14.0, 6.0], 'examen': 7.0, 'moyenne': 8.0}, 'SVT': {'devoirs': [18.0, 9.0], 'examen': 15.0, 'moyenne': 14.5}, 'HG': {'devoirs': [11.0, 15.0], 'examen': 12.0, 'moyenne': 12.33}}","{'numero': ""'20133HGF' → Longueur invalide (8 au lieu de 7)""}"
AAD003,2017ZEA5L,TOURE,Sokhna,23/04/2014,3emeC,"{'Math': {'devoirs': [14.0, 13.0], 'examen': 5.0, 'moyenne': 7.83}, 'Francais': {'devoirs': [18.0, 16.0], 'examen': 14.0, 'moyenne': 15.0}, 'Anglais': {'devoirs': [15.0, 6.0], 'examen': 17.0, 'moyenne': 14.83}, 'PC': {'devoirs': [14.0, 13.0], 'examen': 7.0, 'moyenne': 9.17}, 'SVT': {'devoirs': [18.0, 12.0], 'examen': 16.0, 'moyenne': 15.67}, 'HG': {'devoirs': [13.0, 15.0], 'examen': 13.0, 'moyenne': 13.33}}","{'numero': ""'2017ZEA5L' → Longueur invalide (9 au lieu de 7)""}"
AAD004,,,,None,,,"{'numero': ""'' → Longueur invalide (0 au lieu de 7)"", 'nom': ""'' → Le nom doit être une chaîne non vide"", 'prenom': ""'' → Le prénom doit être une chaîne non vide"", 'date_naissance': ""'None' → Date manquante"", 'classe': ""'' → Classe manquante"", 'notes': 'Notes manquantes'}"
AAD004,,,,None,,,"{'numero': ""'' → Longueur invalide (0 au lieu de 7)"", 'nom': ""'' → Le nom doit être une chaîne non vide"", 'prenom': ""'' → Le prénom doit être une chaîne non vide"", 'date_naissance': ""'None' → Date manquante"", 'classe': ""'' → Classe manquante"", 'notes': 'Notes manquantes'}"
AAD004,,,,None,,,"{'numero': ""'' → Longueur invalide (0 au lieu de 7)"", 'nom': ""'' → Le nom doit être une chaîne non vide"", 'prenom': ""'' → Le prénom doit être une chaîne non vide"", 'date_naissance': ""'None' → Date manquante"", 'classe': ""'' → Classe manquante"", 'notes': 'Notes manquantes'}"
AAD004,,,,None,,,"{'numero': ""'' → Longueur invalide (0 au lieu de 7)"", 'nom': ""'' → Le nom doit être une chaîne non vide"", 'prenom': ""'' → Le prénom doit être une chaîne non vide"", 'date_naissance': ""'None' → Date manquante"", 'classe': ""'' → Classe manquante"", 'notes': 'Notes manquantes'}"
AAD004,JD7LO99,SOW,Mariama,12/18/2017,4emeB,"{'Math': {'devoirs': [4.0, 3.0], 'examen': 5.0, 'moyenne': 4.5}, 'Francais': {'devoirs': [15.0, 16.0], 'examen': 14.0, 'moyenne': 14.5}, 'Anglais': {'devoirs': [15.0, 16.0], 'examen': 17.0, 'moyenne': 16.5}, 'PC': {'devoirs': [4.0, 3.0], 'examen': 7.0, 'moyenne': 5.83}, 'SVT': {'devoirs': [12.0, 9.0], 'examen': 10.0, 'moyenne': 10.17}, 'HG': {'devoirs': [16.0, 15.0], 'examen': 17.0, 'moyenne': 16.5}}","{'date_naissance': ""'12/18/2017' → Format de date non reconnu : '12/18/2017'""}"
AAD004,,,,None,,,"{'numero': ""'' → Longueur invalide (0 au lieu de 7)"", 'nom': ""'' → Le nom doit être une chaîne non vide"", 'prenom': ""'' → Le prénom doit être une chaîne non vide"", 'date_naissance': ""'None' → Date manquante"", 'classe': ""'' → Classe manquante"", 'notes': 'Notes manquantes'}"
AAD004,,,,None,,,"{'numero': ""'' → Longueur invalide (0 au lieu de 7)"", 'nom': ""'' → Le nom doit être une chaîne non vide"", 'prenom': ""'' → Le prénom doit être une chaîne non vide"", 'date_naissance': ""'None' → Date manquante"", 'classe': ""'' → Classe manquante"", 'notes': 'Notes manquantes'}"
AAD004,,,,None,,,"{'numero': ""'' → Longueur invalide (0 au lieu de 7)"", 'nom': ""'' → Le nom doit être une chaîne non vide"", 'prenom': ""'' → Le prénom doit être une chaîne non vide"", 'date_naissance': ""'None' → Date manquante"", 'classe': ""'' → Classe manquante"", 'notes': 'Notes manquantes'}"
AAD004,,,,None,,,"{'numero': ""'' → Longueur invalide (0 au lieu de 7)"", 'nom': ""'' → Le nom doit être une chaîne non vide"", 'prenom': ""'' → Le prénom doit être une chaîne non vide"", 'date_naissance': ""'None' → Date manquante"", 'classe': ""'' → Classe manquante"", 'notes': 'Notes manquantes'}"
AAD22,LSNP5Of,Sow,Mari,28/12/2001,6emeA,"{'Math': {'devoirs': [10.0, 11.0], 'examen': 15.0, 'moyenne': 13.5}, 'Francais': {'devoirs': [7.0, 12.0, 8.0], 'examen': 13.0, 'moyenne': 11.67}, 'Anglais': {'devoirs': [13.5, 9.0], 'examen': 15.0, 'moyenne': 13.75}, 'PC': {'devoirs': [11.0], 'examen': 9.0, 'moyenne': 9.67}, 'SVT': {'devoirs': [12.0, 9.0, 16.0, 11.0], 'examen': 12.0, 'moyenne': 12.0}, 'HG': {'devoirs': [10.0], 'examen': 13.0, 'moyenne': 12.0}}","{'code': ""'AAD22' → Longueur invalide (5 au lieu de 6)"", 'numero': ""'LSNP5Of' → Format invalide (lettres majuscules et chiffres uniquement)""}"
AAD22,PONAAC0,Tine,Jean,18/05/2004,3emeA,"{'PC': {'devoirs': [11.0], 'examen': 9.0, 'moyenne': 9.67}, 'Math': {'devoirs': [12.0, 14.5, 11.0], 'examen': 13.0, 'moyenne': 12.83}, 'Francais': {'devoirs': [14.0, 12.0], 'examen': 13.0, 'moyenne': 13.0}, 'Anglais': {'devoirs': [12.8], 'examen': 15.0, 'moyenne': 14.27}, 'SVT': {'devoirs': [10.0, 9.0, 16.0, 13.0], 'examen': 12.0, 'moyenne': 12.0}, 'HG': {'devoirs': [10.0], 'examen': 16.0, 'moyenne': 14.0}}","{'code': ""'AAD22' → Longueur invalide (5 au lieu de 6)""}"
AAD22,27WERUG,Fall,Ouley,16/11/2005,3emeB,"{'PC': {'devoirs': [11.0], 'examen': 19.0, 'moyenne': 16.33}, 'Math': {'devoirs': [2.0, 10.5, 11.0], 'examen': 13.0, 'moyenne': 11.28}, 'Francais': {'devoirs': [14.0, 11.0], 'examen': 13.0, 'moyenne': 12.83}, 'Anglais': {'devoirs': [3.8], 'examen': 10.0, 'moyenne': 7.93}, 'SVT': {'devoirs': [12.0, 9.0, 16.0, 11.0], 'examen': 10.0, 'moyenne': 10.67}, 'HG': {'devoirs': [11.0], 'examen': 15.0, 'moyenne': 13.67}}","{'code': ""'AAD22' → Longueur invalide (5 au lieu de 6)""}"
AAD22,UHT9KD8,Seye,Malick,07/10/2007,5emeC,"{'Math': {'devoirs': [10.0, 14.5, 11.0, 3.0], 'examen': 16.0, 'moyenne': 13.88}, 'PC': {'devoirs': [11.0], 'examen': 19.0, 'moyenne': 16.33}, 'Francais': {'devoirs': [4.0, 11.0], 'examen': 13.0, 'moyenne': 11.17}, 'SVT': {'devoirs': [12.0, 9.0, 16.0, 11.0], 'examen': 12.0, 'moyenne': 12.0}, 'HG': {'devoirs': [19.0], 'examen': 13.0, 'moyenne': 15.0}, 'Anglais': {'devoirs': [10.5], 'examen': 15.0, 'moyenne': 13.5}}","{'code': ""'AAD22' → Longueur invalide (5 au lieu de 6)""}"
AAD22,O6G7XCQ,Tamba,Lamine,09/01/2006,3emeD,"{'SVT': {'devoirs': [13.0, 9.0, 11.0], 'examen': 14.0, 'moyenne': 13.0}, 'HG': {'devoirs': [10.0], 'examen': 13.0, 'moyenne': 12.0}, 'Math': {'devoirs': [12.0, 14.5, 11.0], 'examen': 13.0, 'moyenne': 12.83}, 'Francais': {'devoirs': [8.0, 11.0], 'examen': 13.0, 'moyenne': 11.83}, 'Anglais': {'devoirs': [13.5], 'examen': 15.0, 'moyenne': 14.5}, 'PC': {'devoirs': [13.0, 11.0], 'examen': 9.0, 'moyenne': 10.0}}","{'code': ""'AAD22' → Longueur invalide (5 au lieu de 6)""}"
AAD22,HDCB2G7,Ndaw,Ousmane,14/08/2000,4emeB,"{'PC': {'devoirs': [11.0], 'examen': 19.0, 'moyenne': 16.33}, 'Math': {'devoirs': [12.0, 14.5, 11.0], 'examen': 3.0, 'moyenne': 6.17}, 'Francais': {'devoirs': [14.0, 11.0], 'examen': 13.0, 'moyenne': 12.83}, 'Anglais': {'devoirs': [13.8], 'examen': 5.0, 'moyenne': 7.93}, 'SVT': {'devoirs': [12.0, 19.0, 16.0, 11.0], 'examen': 19.0, 'moyenne': 17.5}, 'HG': {'devoirs': [11.0], 'examen': 10.0, 'moyenne': 10.33}}","{'code': ""'AAD22' → Longueur invalide (5 au lieu de 6)""}"
AAD22,GFD3G8G,Ndour,Fatime,05/03/2002,5emeD,"{'Math': {'devoirs': [9.0, 10.5, 10.0, 13.0], 'examen': 16.0, 'moyenne': 14.21}, 'PC': {'devoirs': [12.0], 'examen': 15.0, 'moyenne': 14.0}, 'Francais': {'devoirs': [10.0, 17.0], 'examen': 13.0, 'moyenne': 13.17}, 'SVT': {'devoirs': [15.0, 9.0, 6.0, 11.0], 'examen': 12.0, 'moyenne': 11.42}, 'HG': {'devoirs': [13.0], 'examen': 3.0, 'moyenne': 6.33}, 'Anglais': {'devoirs': [13.12], 'examen': 5.0, 'moyenne': 7.71}}","{'code': ""'AAD22' → Longueur invalide (5 au lieu de 6)""}"
AAD22,GC4BDQ7,Sarr,Oumi,17/06/2003,3emeA,"{'Math': {'devoirs': [10.0, 14.5, 11.0, 15.0], 'examen': 17.0, 'moyenne': 15.54}, 'PC': {'devoirs': [11.0], 'examen': 9.0, 'moyenne': 9.67}, 'Francais': {'devoirs': [16.0, 11.0], 'examen': 13.0, 'moyenne': 13.17}, 'SVT': {'devoirs': [12.0, 9.0, 14.0, 11.0], 'examen': 12.0, 'moyenne': 11.83}, 'HG': {'devoirs': [15.0], 'examen': 11.0, 'moyenne': 12.33}, 'Anglais': {'devoirs': [13.5], 'examen': 15.0, 'moyenne': 14.5}}","{'code': ""'AAD22' → Longueur invalide (5 au lieu de 6)""}"
AAD22,BK63HBS,Gueye,Astou,28/02/2012,3emeA,"{'SVT': {'devoirs': [15.0, 11.0, 11.0], 'examen': 12.0, 'moyenne': 12.11}, 'HG': {'devoirs': [6.0], 'examen': 16.0, 'moyenne': 12.67}, 'Math': {'devoirs': [10.0, 14.9, 11.0], 'examen': 17.0, 'moyenne': 15.32}, 'Francais': {'devoirs': [8.0, 13.0], 'examen': 13.0, 'moyenne': 12.17}, 'Anglais': {'devoirs': [18.5], 'examen': 15.0, 'moyenne': 16.17}, 'PC': {'devoirs': [7.0, 11.0], 'examen': 9.0, 'moyenne': 9.0}}","{'code': ""'AAD22' → Longueur invalide (5 au lieu de 6)""}"
AAD22,GSQ3H84,Diouf,Wally,30/09/2005,4emeC,,"{'code': ""'AAD22' → Longueur invalide (5 au lieu de 6)"", 'notes': 'Notes manquantes'}"
ABD009,ERSTYDD,Akapla,Diop,03/05/1978,5emeC,"{'Math': {'devoirs': [10.0, 14.0], 'examen': 15.0, 'moyenne': 14.0}, 'Francais': {'devoirs': [11.0, 9.0, 1.0], 'examen': 10.0, 'moyenne': 9.0}, 'Anglais': {'devoirs': [10.9, 9.0], 'examen': 1.0, 'moyenne': 3.98}, 'PC': {'devoirs': [10.0], 'examen': 11.0, 'moyenne': 10.67}, 'SVT': {'devoirs': [10.0, 2.0, 6.0, 10.0], 'examen': 9.0, 'moyenne': 8.33}, 'HG': {'devoirs': [17.0], 'examen': 0.0, 'moyenne': 5.67}}","{'numero': ""'ERSTYDD' → Le numéro doit contenir au moins un chiffre""}"
ABD009,ERTDH6G,Gadiaga,Xouli,30/07/2018,5eme 4,"{'Math': {'devoirs': [1.0, 4.0], 'examen': 15.0, 'moyenne': 10.83}, 'Francais': {'devoirs': [10.0, 19.0, 14.0], 'examen': 13.0, 'moyenne': 13.44}, 'Anglais': {'devoirs': [10.9, 9.0], 'examen': 1.0, 'moyenne': 3.98}, 'PC': {'devoirs': [10.0], 'examen': 11.0, 'moyenne': 10.67}, 'SVT': {'devoirs': [10.0, 20.0, 16.0, 10.0], 'examen': 9.0, 'moyenne': 10.67}, 'HG': {'devoirs': [9.0], 'examen': 18.0, 'moyenne': 15.0}}","{'classe': ""'5eme 4' → Classe invalide : '5eme 4' (ex attendu : 6emeA, 3emeB...)""}"
ABD009,TTEDJE56,Missari,Koumpa,31/09/2014,3emeB,"{'Math': {'devoirs': [10.0, 4.0], 'examen': 15.0, 'moyenne': 12.33}, 'Francais': {'devoirs': [18.0, 9.0, 18.0], 'examen': 10.0, 'moyenne': 11.67}, 'Anglais': {'devoirs': [10.9, 9.0], 'examen': 5.0, 'moyenne': 6.65}, 'PC': {'devoirs': [10.0], 'examen': 11.0, 'moyenne': 10.67}, 'SVT': {'devoirs': [10.0, 20.0, 16.0, 10.0], 'examen': 9.0, 'moyenne': 10.67}, 'HG': {'devoirs': [19.0], 'examen': 10.0, 'moyenne': 13.0}}","{'numero': ""'TTEDJE56' → Longueur invalide (8 au lieu de 7)"", 'date_naissance': ""'31/09/2014' → Format de date non reconnu : '31/09/2014'""}"
ABD009,RTGHSDG,Ndol,Gueye,30/09/2006,5emeB,"{'Math': {'devoirs': [10.0, 4.0], 'examen': 15.0, 'moyenne': 12.33}, 'Francais': {'devoirs': [11.0, 1.0, 17.0], 'examen': 10.0, 'moyenne': 9.89}, 'Anglais': {'devoirs': [8.9, 5.0], 'examen': 14.0, 'moyenne': 11.65}, 'PC': {'devoirs': [17.0], 'examen': 11.0, 'moyenne': 13.0}, 'SVT': {'devoirs': [15.0, 10.0, 6.0, 8.0], 'examen': 5.0, 'moyenne': 6.58}, 'HG': {'devoirs': [9.0], 'examen': 16.0, 'moyenne': 13.67}}","{'numero': ""'RTGHSDG' → Le numéro doit contenir au moins un chiffre""}"
ABN018,QBN34UI,Moose,Rodriguez,01-22-1999,5emeB,Français[12|14:15]#Anglais[16|18:19]#SVT[10|11:09]#HG[12|11:17]#Science_Physique[15|17:18]#Math[13|17:16],"{'date_naissance': ""'01-22-1999' → Format de date non reconnu : '01-22-1999'"", 'notes': ""Format invalide pour : 'Science_Physique[15|17:18]'""}"
ABN018,LSNP1OC,Moosky,Faye,23/04/1988,4emeC,rançais[10|07:15]#Anglais[01|18:13]#SVT[10|11:14]#HG[16|17:14]#Science_Physique[18|12:12]#Math[15|17:11],"{'notes': ""Format invalide pour : 'Science_Physique[18|12:12]'""}"
ABN018,PONAAM0,Mayoro,Diop,14/05/2002,6emeB,Français[12|08:17]#Anglais[15|19:17]#SVT[18|16:17]#HG[18|13:17]#Science_Physique[13|13:12]#Math[15|14:15],"{'notes': ""Format invalide pour : 'Science_Physique[13|13:12]'""}"
ABN018,83WERRE,Wesh,Morey,25_11_2004,3emeD,Français[16|08:15]#Anglais[19|19:17]#SVT[12|14:07]#HG[18|13:17]#Science_Physique[00|03:02]#Math[06|17:13],"{'date_naissance': ""'25_11_2004' → Format de date non reconnu : '25_11_2004'"", 'notes': ""Format invalide pour : 'Science_Physique[00|03:02]'""}"
ABN018,TER0R0R,Billie,Jeane,17/08/1998,1ereS1,Français[06|08:05]#Anglais[20|20:17]#SVT[13|14:13]#HG[11|13:17]#Science_Physique[12|11:15]#Math[06|17:18],"{'classe': ""'1ereS1' → Classe invalide : '1ereS1' (ex attendu : 6emeA, 3emeB...)"", 'notes': ""Format invalide pour : 'Science_Physique[12|11:15]'""}"
ABN018,WHYIAMI,Ragnard,Lordbrock,01/12/1979,1 ere S1,Français[06|07:05]#Anglais[10|10:11]#SVT[13|17:13]#HG[11|05:07]#Science_Physique[12|18:15]#Math[16|17:18],"{'numero': ""'WHYIAMI' → Le numéro doit contenir au moins un chiffre"", 'classe': ""'1 ere S1' → Classe invalide : '1 ere S1' (ex attendu : 6emeA, 3emeB...)"", 'notes': ""Format invalide pour : 'Science_Physique[12|18:15]'""}"
ABN018,WOO3OOO,Perus,Morgan,06/06/1970,Tle S1,Français[08|07:15]#Anglais[10|10:09]#SVT[13|13:13]#HG[03|05:07]#Science_Physique[13|11:12]#Math[10|07:08],"{'classe': ""'Tle S1' → Classe invalide : 'Tle S1' (ex attendu : 6emeA, 3emeB...)"", 'notes': ""Format invalide pour : 'Science_Physique[13|11:12]'""}"
ABN018,558YRYT,Shawn,Thiam,28/02/1997,Tle S2,Français[09|17:16]#Anglais[10|13:09]#SVT[13|12:14]#HG[13|15:07]#Science_Physique[12|12:14]#Math[11|07:18],"{'classe': ""'Tle S2' → Classe invalide : 'Tle S2' (ex attendu : 6emeA, 3emeB...)"", 'notes': ""Format invalide pour : 'Science_Physique[12|12:14]'""}"
ABN018,444111T,Mbeuthie Fall,Laye,01/09/2015,Tlel'1,Français[09|17:16]#Anglais[10|13:15]#SVT[13|12:14]#HG[11|15:11]#Science_Physique[12|13:14]#Math[10|07:12],"{'classe': ""'Tlel'1' → Classe invalide : 'Tlel'1' (ex attendu : 6emeA, 3emeB...)"", 'notes': ""Format invalide pour : 'Science_Physique[12|13:14]'""}"
ABN018,WORK246,Famara,Bodian,12/12/1995,5eme F,Français[19|17:10]#Anglais[13|14:15]#SVT[13|16:14]#HG[13|15:11]#Science_Physique[17|13:14]#Math[16|07:12],"{'classe': ""'5eme F' → Classe invalide : '5eme F' (ex attendu : 6emeA, 3emeB...)"", 'notes': ""Format invalide pour : 'Science_Physique[17|13:14]'""}"
AFD006,2022R3M,DIAW,Fallou,o5-06-1999,3emeC,"{'Math': {'devoirs': [17.0, 16.0], 'examen': 19.0, 'moyenne': 18.17}, 'Français': {'devoirs': [14.0, 15.0], 'examen': 14.0, 'moyenne': 14.17}, 'Anglais': {'devoirs': [18.0, 17.0], 'examen': 16.0, 'moyenne': 16.5}, 'PC': {'devoirs': [19.0, 19.0], 'examen': 19.0, 'moyenne': 19.0}, 'SVT': {'devoirs': [11.0], 'examen': 16.0, 'moyenne': 14.33}, 'HG': {'devoirs': [12.0], 'examen': 19.0, 'moyenne': 16.67}}","{'date_naissance': ""'o5-06-1999' → Format de date non reconnu : 'o5-06-1999'""}"
AFD006,2016EJKL,SECK,Modou,03/01/1999,5emeB,"{'Math': {'devoirs': [5.0, 3.0, 0.0], 'examen': 9.0, 'moyenne': 6.89}, 'Français': {'devoirs': [9.0, 12.0, 13.0], 'examen': 10.0, 'moyenne': 10.44}, 'Anglais': {'devoirs': [12.0, 12.0], 'examen': 16.0, 'moyenne': 14.67}, 'PC': {'devoirs': [4.0, 8.0], 'examen': 10.0, 'moyenne': 8.67}, 'SVT': {'devoirs': [12.0, 13.0], 'examen': 14.0, 'moyenne': 13.5}, 'HG': {'devoirs': [10.0, 12.0], 'examen': 15.0, 'moyenne': 13.67}}","{'numero': ""'2016EJKL' → Longueur invalide (8 au lieu de 7)""}"
AFD006,2019GHS,BOISY,Chris,04/09/2001,5emeC,Math[13|11:13] #PC[13|19:14]  #Francais[12|14:14]  #SVT[15|19:15] #HG[10|18:13]  #Anglais[11|12|11:20,"{'notes': ""Format invalide pour : 'Anglais[11|12|11:20'""}"
AFD006,20178XYZ,FALL,Khabane,27/12/1998,6emeC,"{'Math': {'devoirs': [13.0, 11.0], 'examen': 13.0, 'moyenne': 12.67}, 'PC': {'devoirs': [13.0, 19.0], 'examen': 14.0, 'moyenne': 14.67}, 'Francais': {'devoirs': [12.0, 14.0], 'examen': 14.0, 'moyenne': 13.67}, 'SVT': {'devoirs': [15.0, 19.0], 'examen': 15.0, 'moyenne': 15.67}, 'HG': {'devoirs': [10.0, 18.0], 'examen': 13.0, 'moyenne': 13.33}, 'Anglais': {'devoirs': [11.0, 12.0, 11.0], 'examen': 20.0, 'moyenne': 17.11}}","{'numero': ""'20178XYZ' → Longueur invalide (8 au lieu de 7)""}"
AFD006,2018JKH,NDIAYE,Zeyna,23/06/1998,4emeA,Math[13|11:13] #PC[13|19:14]  #Francais[12|14:14]  #SVT[15|19:15] #HG[10|18:13]  #Anglais[11|12|11:20,"{'notes': ""Format invalide pour : 'Anglais[11|12|11:20'""}"
AID011,201305PG8,DIAW,FARA,09/06/1995,6emeA,Français[12|14:15]#Anglais[16|18:19]#SVT[10|11:09]#HG[12|11:17]#Science_Physique[15|17:18]#Math[13|17:16],"{'numero': ""'201305PG8' → Longueur invalide (9 au lieu de 7)"", 'notes': ""Format invalide pour : 'Science_Physique[15|17:18]'""}"
AID011,201307PG8,NDIOUR,LEMOU,12/07/1996,3emeA,"{'PC': {'devoirs': [11.0], 'examen': 9.0, 'moyenne': 9.67}, 'Math': {'devoirs': [12.0, 14.5, 11.0], 'examen': 13.0, 'moyenne': 12.83}, 'Francais': {'devoirs': [14.0, 12.0], 'examen': 13.0, 'moyenne': 13.0}, 'Anglais': {'devoirs': [12.8], 'examen': 15.0, 'moyenne': 14.27}, 'SVT': {'devoirs': [10.0, 9.0, 16.0, 13.0], 'examen': 12.0, 'moyenne': 12.0}, 'HG': {'devoirs': [10.0], 'examen': 16.0, 'moyenne': 14.0}}","{'numero': ""'201307PG8' → Longueur invalide (9 au lieu de 7)""}"
AID011,201301PFT,FAYE,BIRAM,23/03/1999,3emeB,"{'PC': {'devoirs': [11.0], 'examen': 9.0, 'moyenne': 9.67}, 'Math': {'devoirs': [12.0, 14.5, 11.0], 'examen': 13.0, 'moyenne': 12.83}, 'Francais': {'devoirs': [14.0, 12.0], 'examen': 13.0, 'moyenne': 13.0}, 'Anglais': {'devoirs': [12.8], 'examen': 15.0, 'moyenne': 14.27}, 'SVT': {'devoirs': [10.0, 9.0, 16.0, 13.0], 'examen': 12.0, 'moyenne': 12.0}, 'HG': {'devoirs': [10.0], 'examen': 16.0, 'moyenne': 14.0}}","{'numero': ""'201301PFT' → Longueur invalide (9 au lieu de 7)""}"
AID011,201308PG7,DIOUF,ALY,22/05/1998,5emeC,"{'PC': {'devoirs': [11.0], 'examen': 9.0, 'moyenne': 9.67}, 'Math': {'devoirs': [12.0, 14.5, 11.0], 'examen': 13.0, 'moyenne': 12.83}, 'Francais': {'devoirs': [4.0, 11.0], 'examen': 13.0, 'moyenne': 11.17}, 'Anglais': {'devoirs': [13.8], 'examen': 15.0, 'moyenne': 14.6}, 'SVT': {'devoirs': [12.0, 9.0, 16.0, 11.0], 'examen': 12.0, 'moyenne': 12.0}, 'HG': {'devoirs': [11.0], 'examen': 13.0, 'moyenne': 12.33}}","{'numero': ""'201308PG7' → Longueur invalide (9 au lieu de 7)""}"
AID011,201306PH3,DIOP,DABA,24/09/1999,3emeD,"{'Math': {'devoirs': [10.0, 11.0], 'examen': 15.0, 'moyenne': 13.5}, 'Francais': {'devoirs': [7.0, 12.0, 8.0], 'examen': 13.0, 'moyenne': 11.67}, 'Anglais': {'devoirs': [13.5, 9.0], 'examen': 15.0, 'moyenne': 13.75}, 'PC': {'devoirs': [11.0], 'examen': 9.0, 'moyenne': 9.67}, 'SVT': {'devoirs': [12.0, 9.0, 16.0, 11.0], 'examen': 12.0, 'moyenne': 12.0}, 'HG': {'devoirs': [10.0], 'examen': 13.0, 'moyenne': 12.0}}","{'numero': ""'201306PH3' → Longueur invalide (9 au lieu de 7)""}"
AID011,201302PL6,DIENE,DALY,12/10/1997,4emeB,"{'PC': {'devoirs': [11.0], 'examen': 9.0, 'moyenne': 9.67}, 'Math': {'devoirs': [12.0, 14.5, 11.0], 'examen': 13.0, 'moyenne': 12.83}, 'Francais': {'devoirs': [4.0, 11.0], 'examen': 13.0, 'moyenne': 11.17}, 'Anglais': {'devoirs': [13.8], 'examen': 15.0, 'moyenne': 14.6}, 'SVT': {'devoirs': [12.0, 9.0, 16.0, 11.0], 'examen': 12.0, 'moyenne': 12.0}, 'HG': {'devoirs': [11.0], 'examen': 13.0, 'moyenne': 12.33}}","{'numero': ""'201302PL6' → Longueur invalide (9 au lieu de 7)""}"
AID011,201305PY9,FALL,ABOU,23-decembre-1994,5emeD,"{'Math': {'devoirs': [14.0, 12.0, 10.0], 'examen': 12.0, 'moyenne': 12.0}, 'PC': {'devoirs': [12.0, 9.0], 'examen': 12.0, 'moyenne': 11.5}, 'Francais': {'devoirs': [14.0], 'examen': 15.0, 'moyenne': 14.67}, 'SVT': {'devoirs': [16.0], 'examen': 17.0, 'moyenne': 16.67}, 'HG': {'devoirs': [12.0, 16.0], 'examen': 14.0, 'moyenne': 14.0}, 'Anglais': {'devoirs': [13.0, 10.0], 'examen': 11.0, 'moyenne': 11.17}}","{'numero': ""'201305PY9' → Longueur invalide (9 au lieu de 7)"", 'date_naissance': ""'23-decembre-1994' → Format de date non reconnu : '23-decembre-1994'""}"
AID011,201306PT4,FAYE,SIDI,12/11/1993,3emeA,"{'PC': {'devoirs': [11.0], 'examen': 9.0, 'moyenne': 9.67}, 'Math': {'devoirs': [12.0, 14.5, 11.0], 'examen': 13.0, 'moyenne': 12.83}, 'Francais': {'devoirs': [4.0, 11.0], 'examen': 13.0, 'moyenne': 11.17}, 'Anglais': {'devoirs': [13.8], 'examen': 15.0, 'moyenne': 14.6}, 'SVT': {'devoirs': [12.0, 9.0, 16.0, 11.0], 'examen': 12.0, 'moyenne': 12.0}, 'HG': {'devoirs': [11.0], 'examen': 13.0, 'moyenne': 12.33}}","{'numero': ""'201306PT4' → Longueur invalide (9 au lieu de 7)""}"
AID011,201301PB7,SENE,DOMINIQUE,24/01/1998,3emeA,"{'Math': {'devoirs': [10.0, 14.5, 11.0, 15.0], 'examen': 17.0, 'moyenne': 15.54}, 'PC': {'devoirs': [11.0], 'examen': 9.0, 'moyenne': 9.67}, 'Francais': {'devoirs': [16.0, 11.0], 'examen': 13.0, 'moyenne': 13.17}, 'SVT': {'devoirs': [12.0, 9.0, 14.0, 11.0], 'examen': 12.0, 'moyenne': 11.83}, 'HG': {'devoirs': [15.0], 'examen': 11.0, 'moyenne': 12.33}, 'Anglais': {'devoirs': [13.5], 'examen': 15.0, 'moyenne': 14.5}}","{'numero': ""'201301PB7' → Longueur invalide (9 au lieu de 7)""}"
AID011,201309OD3,NDIAYE,SALIF,26/06/1996,4emeC,"{'Math': {'devoirs': [10.0, 11.0], 'examen': 15.0, 'moyenne': 13.5}, 'Francais': {'devoirs': [7.0, 9.0, 8.0], 'examen': 13.0, 'moyenne': 11.33}, 'Anglais': {'devoirs': [10.5, 9.0], 'examen': 15.0, 'moyenne': 13.25}, 'PC': {'devoirs': [10.0], 'examen': 11.0, 'moyenne': 10.67}, 'SVT': {'devoirs': [12.0, 11.0, 16.0, 8.0], 'examen': 12.0, 'moyenne': 11.92}, 'HG': {'devoirs': [10.0], 'examen': 10.0, 'moyenne': 10.0}}","{'numero': ""'201309OD3' → Longueur invalide (9 au lieu de 7)""}"
AKH014,R456T7O,FAURE,JULIE,12/11/2000,6èmeG,"{'Math': {'devoirs': [20.0, 19.5], 'examen': 5.0, 'moyenne': 9.92}, 'Francais': {'devoirs': [13.0, 16.0], 'examen': 14.0, 'moyenne': 14.17}, 'Anglais': {'devoirs': [17.0, 19.0], 'examen': 17.0, 'moyenne': 17.33}, 'PC': {'devoirs': [14.0, 13.0], 'examen': 17.0, 'moyenne': 15.83}, 'SVT': {'devoirs': [12.0, 19.0], 'examen': 10.0, 'moyenne': 11.83}, 'HG': {'devoirs': [16.0, 19.0], 'examen': 17.0, 'moyenne': 17.17}}","{'classe': ""'6èmeG' → Classe invalide : '6èmeG' (ex attendu : 6emeA, 3emeB...)""}"
AKH014,9OIM76T,GALEA,EMILIE,04/07/1994,5emeA,MATH[18|14|20]#PC[12|13:15]#SVT[10|13:16]#FRANÇAIS[10|11:14]#ANGLAIS[11|11:20]#HG[10|12|14],"{'notes': ""Pas d'examen pour MATH (manque ':')""}"
AKH014,30NB45E,HAMAMA,MAVEL,07/01/1998,3emeB,MATH[11|14|20]#PC[12|13:15]#SVT[10|13:16]#FRANÇAIS[10|11:14]#ANGLAIS[11|11:20]#HG[10|12|14],"{'notes': ""Pas d'examen pour MATH (manque ':')""}"
ALT020,JROÙ457,CONDOUL,Sangoul,07|06|1945,6emeA,"{'MATH': {'devoirs': [15.0, 10.0], 'examen': 19.0, 'moyenne': 16.83}, 'SVT': {'devoirs': [16.0, 13.0], 'examen': 19.0, 'moyenne': 17.5}, 'PC': {'devoirs': [16.0, 13.0], 'examen': 10.0, 'moyenne': 11.5}, 'ANGLAIS': {'devoirs': [15.0, 2.0], 'examen': 16.0, 'moyenne': 13.5}, 'FRANCAIS': {'devoirs': [15.0, 20.0], 'examen': 11.0, 'moyenne': 13.17}, 'HG': {'devoirs': [12.0, 13.0], 'examen': 11.0, 'moyenne': 11.5}}","{'numero': ""'JROÙ457' → Format invalide (lettres majuscules et chiffres uniquement)"", 'date_naissance': ""'07|06|1945' → Format de date non reconnu : '07|06|1945'""}"
ALT020,FYHE142,DIOUF,MBathiou,14-25-13,6emeB,"{'MATH': {'devoirs': [13.0, 18.0], 'examen': 16.0, 'moyenne': 15.83}, 'SVT': {'devoirs': [18.0, 19.0], 'examen': 20.0, 'moyenne': 19.5}, 'PC': {'devoirs': [17.0, 13.0], 'examen': 14.0, 'moyenne': 14.33}, 'ANGLAIS': {'devoirs': [15.0, 12.0], 'examen': 14.0, 'moyenne': 13.83}, 'FRANCAIS': {'devoirs': [9.0, 1.0], 'examen': 19.0, 'moyenne': 14.33}, 'HG': {'devoirs': [16.0, 11.0], 'examen': 15.0, 'moyenne': 14.5}}","{'date_naissance': ""'14-25-13' → Format de date non reconnu : '14-25-13'""}"
AMB001,101465876kj,Gueye,Moussa,01/01/2000,6emeA,MATH[10|14|20]#PC[12|13:15]#SVT[10|13:16]#FRANÇAIS[10|11:14]#ANGLAIS[11|11:20]#HG[10|12|14],"{'numero': ""'101465876kj' → Longueur invalide (11 au lieu de 7)"", 'notes': ""Pas d'examen pour MATH (manque ':')""}"
AMB001,16382702l,DIOUF,BALLA,02/01/2000,6emeA,MATH[11|14|20]#PC[12|13:15]#SVT[10|13:16]#FRANÇAIS[10|11:14]#ANGLAIS[11|11:20]#HG[10|12|14],"{'numero': ""'16382702l' → Longueur invalide (9 au lieu de 7)"", 'notes': ""Pas d'examen pour MATH (manque ':')""}"
AMB001,12889HI,CAMARA,KAMOU,03/01/2000,6emeA,MATH[12|14|20]#PC[12|13:15]#SVT[10|13:16]#FRANÇAIS[10|11:14]#ANGLAIS[11|11:20]#HG[10|12|14],"{'notes': ""Pas d'examen pour MATH (manque ':')""}"
AMB001,1732919jj,DIOP,MODOU,04/01/2000,6emeA,MATH[13|14|20]#PC[12|13:15]#SVT[10|13:16]#FRANÇAIS[10|11:14]#ANGLAIS[11|11:20]#HG[10|12|14],"{'numero': ""'1732919jj' → Longueur invalide (9 au lieu de 7)"", 'notes': ""Pas d'examen pour MATH (manque ':')""}"
AMB001,127923ghj,FALL,SOBLE,05/01/2000,6emeA,MATH[14|14|20]#PC[12|13:15]#SVT[10|13:16]#FRANÇAIS[10|11:14]#ANGLAIS[11|11:20]#HG[10|12|14],"{'numero': ""'127923ghj' → Longueur invalide (9 au lieu de 7)"", 'notes': ""Pas d'examen pour MATH (manque ':')""}"
AMB001,1908GD,GAYE,PATHÉ,06/01/2000,6emeA,MATH[15|14|20]#PC[12|13:15]#SVT[10|13:16]#FRANÇAIS[10|11:14]#ANGLAIS[11|11:20]#HG[10|12|14],"{'numero': ""'1908GD' → Longueur invalide (6 au lieu de 7)"", 'notes': ""Pas d'examen pour MATH (manque ':')""}"
AMB001,1382839hjklk,HANN,JIM,07/01/2000,6emeA,MATH[16|14|20]#PC[12|13:15]#SVT[10|13:16]#FRANÇAIS[10|11:14]#ANGLAIS[11|11:20]#HG[10|12|14],"{'numero': ""'1382839hjklk' → Longueur invalide (12 au lieu de 7)"", 'notes': ""Pas d'examen pour MATH (manque ':')""}"
AMB001,19937HH,JANN,KABOU,08/01/2000,6emeA,MATH[17|14|20]#PC[12|13:15]#SVT[10|13:16]#FRANÇAIS[10|11:14]#ANGLAIS[11|11:20]#HG[10|12|14],"{'notes': ""Pas d'examen pour MATH (manque ':')""}"
AMB001,17282hh,KA,LAMINE,09/01/2000,6emeA,MATH[18|14|20]#PC[12|13:15]#SVT[10|13:16]#FRANÇAIS[10|11:14]#ANGLAIS[11|11:20]#HG[10|12|14],"{'numero': ""'17282hh' → Format invalide (lettres majuscules et chiffres uniquement)"", 'notes': ""Pas d'examen pour MATH (manque ':')""}"
AMB001,17329pp,LOUM,MOUSSA,10/01/2000,6emeA,MATH[19|14|20]#PC[12|13:15]#SVT[10|13:16]#FRANÇAIS[10|11:14]#ANGLAIS[11|11:20]#HG[10|12|14],"{'numero': ""'17329pp' → Format invalide (lettres majuscules et chiffres uniquement)"", 'notes': ""Pas d'examen pour MATH (manque ':')""}"
AMC002,AAAA0000,BA,MODOU,12/12/2005,3emeA,MATH[|14|20]#PC[12|13:15]#SVT[10|13:16]#FRANÇAIS[10|11:14]#ANGLAIS[11|11:20]#HG[10|12|14],"{'numero': ""'AAAA0000' → Longueur invalide (8 au lieu de 7)"", 'notes': ""Pas d'examen pour MATH (manque ':')""}"
AMC002,AAAA0001,BODIAN,FATOU,11/04/2006,3emeB,MATH[11|14|20]#PC[12|13:15]#SVT[10|13:16]#FRANÇAIS[10|11:14]#ANGLAIS[11|11:20]#HG[10|12|14],"{'numero': ""'AAAA0001' → Longueur invalide (8 au lieu de 7)"", 'notes': ""Pas d'examen pour MATH (manque ':')""}"
AMC002,AAAA0002,CAMARA,PAPE,04/02/2009,4emeB,MATH[11|14|20]#PC[12|13:15]#SVT[10|13:16]#FRANÇAIS[10|11:14]#ANGLAIS[11|11:20]#HG[10|12|14],"{'numero': ""'AAAA0002' → Longueur invalide (8 au lieu de 7)"", 'notes': ""Pas d'examen pour MATH (manque ':')""}"
AMC002,AAAA0003,CISSE,PHILO,25/03/2010,5emeB,MATH[11|14|20]#PC[12|13:15]#SVT[10|13:16]#FRANÇAIS[10|11:14]#ANGLAIS[11|11:20]#HG[10|12|14],"{'numero': ""'AAAA0003' → Longueur invalide (8 au lieu de 7)"", 'notes': ""Pas d'examen pour MATH (manque ':')""}"
AMC002,AAAA0004,DIOP,KHADIM,04/02/2011,6emeB,MATH[11|14|20]#PC[12|13:15]#SVT[10|13:16]#FRANÇAIS[10|11:14]#ANGLAIS[11|11:20]#HG[10|12|14],"{'numero': ""'AAAA0004' → Longueur invalide (8 au lieu de 7)"", 'notes': ""Pas d'examen pour MATH (manque ':')""}"
AMC002,AAAA0005,FALL,KATY,05/11/2010,6emeA,MATH[11|14|20]#PC[12|13:15]#SVT[10|13:16]#FRANÇAIS[10|11:14]#ANGLAIS[11|11:20]#HG[10|12|14],"{'numero': ""'AAAA0005' → Longueur invalide (8 au lieu de 7)"", 'notes': ""Pas d'examen pour MATH (manque ':')""}"
AMC002,AAAA0006,NDIAYE,SOKHNA,06/08/2007,4emeB,MATH[11|14|20]#PC[12|13:15]#SVT[10|13:16]#FRANÇAIS[10|11:14]#ANGLAIS[11|11:20]#HG[10|12|14],"{'numero': ""'AAAA0006' → Longueur invalide (8 au lieu de 7)"", 'notes': ""Pas d'examen pour MATH (manque ':')""}"
AMC002,AAAA0007,MBAYE,CHEIKH,07/06/2007,4emeA,MATH[11|14|20]#PC[12|13:15]#SVT[10|13:16]#FRANÇAIS[10|11:14]#ANGLAIS[11|11:20]#HG[10|12|14],"{'numero': ""'AAAA0007' → Longueur invalide (8 au lieu de 7)"", 'notes': ""Pas d'examen pour MATH (manque ':')""}"
AMC002,AAAA0008,POUYE,PALLA,08/08/2007,5emeB,MATH[11|14|20]#PC[12|13:15]#SVT[10|13:16]#FRANÇAIS[10|11:14]#ANGLAIS[11|11:20]#HG[10|12|14],"{'numero': ""'AAAA0008' → Longueur invalide (8 au lieu de 7)"", 'notes': ""Pas d'examen pour MATH (manque ':')""}"
AMC002,AAAA0009,OUATARA,THIERNO,09/09/2007,5emeA,MATH[11|14|20]#PC[12|13:15]#SVT[10|13:16]#FRANÇAIS[10|11:14]#ANGLAIS[11|11:20]#HG[10|12|14],"{'numero': ""'AAAA0009' → Longueur invalide (8 au lieu de 7)"", 'notes': ""Pas d'examen pour MATH (manque ':')""}"
AMD013,Z7812Z3,DIOUF,MALICK,05:42:18,4emeB,"{'HG': {'devoirs': [11.0, 15.0], 'examen': 18.0, 'moyenne': 16.33}, 'PC': {'devoirs': [15.0], 'examen': 18.0, 'moyenne': 17.0}, 'Francais': {'devoirs': [12.0, 13.0], 'examen': 11.0, 'moyenne': 11.5}, 'SVT': {'devoirs': [13.0, 14.0], 'examen': 15.0, 'moyenne': 14.5}, 'Math': {'devoirs': [11.0], 'examen': 16.0, 'moyenne': 14.33}, 'Anglais': {'devoirs': [11.0, 14.0], 'examen': 16.0, 'moyenne': 14.83}}","{'date_naissance': ""'05:42:18' → Format de date non reconnu : '05:42:18'""}"
AMG015,SONA010,FALL,KHADY,07-06-199Ç,6emeB,"{'Math': {'devoirs': [4.0, 3.0], 'examen': 5.0, 'moyenne': 4.5}, 'Francais': {'devoirs': [15.0, 16.0], 'examen': 14.0, 'moyenne': 14.5}, 'Anglais': {'devoirs': [15.0, 16.0], 'examen': 17.0, 'moyenne': 16.5}, 'PC': {'devoirs': [4.0, 3.0], 'examen': 7.0, 'moyenne': 5.83}, 'SVT': {'devoirs': [12.0, 9.0], 'examen': 10.0, 'moyenne': 10.17}, 'HG': {'devoirs': [16.0, 15.0], 'examen': 17.0, 'moyenne': 16.5}}","{'date_naissance': ""'07-06-199Ç' → Format de date non reconnu : '07-06-199Ç'""}"
AMK016,K771427,Sy,Malick,05:42:18,6emeB,"{'Math': {'devoirs': [12.0, 14.0, 11.0], 'examen': 19.0, 'moyenne': 16.78}, 'PC': {'devoirs': [10.0, 11.0], 'examen': 13.0, 'moyenne': 12.17}, 'Francais': {'devoirs': [10.0], 'examen': 12.0, 'moyenne': 11.33}, 'SVT': {'devoirs': [13.0], 'examen': 19.0, 'moyenne': 17.0}, 'HG': {'devoirs': [16.0], 'examen': 14.0, 'moyenne': 14.67}, 'Anglais': {'devoirs': [10.0, 17.0], 'examen': 17.0, 'moyenne': 15.83}}","{'date_naissance': ""'05:42:18' → Format de date non reconnu : '05:42:18'""}"
AOD010,DKZGS12,diop,Ousmane,1 fev 2004,5emeB,"{'Math': {'devoirs': [14.0, 10.0], 'examen': 12.0, 'moyenne': 12.0}, 'PC': {'devoirs': [9.0], 'examen': 12.0, 'moyenne': 11.0}, 'Francais': {'devoirs': [14.0, 14.0], 'examen': 15.0, 'moyenne': 14.67}, 'SVT': {'devoirs': [16.0, 11.0], 'examen': 17.0, 'moyenne': 15.83}, 'HG': {'devoirs': [16.0], 'examen': 14.0, 'moyenne': 14.67}, 'Anglais': {'devoirs': [13.1], 'examen': 11.0, 'moyenne': 11.7}}","{'date_naissance': ""'1 fev 2004' → Format de date non reconnu : '1 fev 2004'""}"
AOD010,DLEDQDO,ndiaye,abdou,21/03/2005,4emeA,"{'HG': {'devoirs': [11.0, 15.0], 'examen': 18.0, 'moyenne': 16.33}, 'PC': {'devoirs': [15.0], 'examen': 18.0, 'moyenne': 17.0}, 'Francais': {'devoirs': [12.0, 13.0], 'examen': 11.0, 'moyenne': 11.5}, 'SVT': {'devoirs': [13.0, 14.0], 'examen': 15.0, 'moyenne': 14.5}, 'Math': {'devoirs': [11.0], 'examen': 16.0, 'moyenne': 14.33}, 'Anglais': {'devoirs': [11.0, 14.0], 'examen': 16.0, 'moyenne': 14.83}}","{'numero': ""'DLEDQDO' → Le numéro doit contenir au moins un chiffre""}"
AOD010,LFNJESM,sambou,jean,19/05/2006,5emeB,"{'SVT': {'devoirs': [13.0], 'examen': 15.0, 'moyenne': 14.33}, 'PC': {'devoirs': [19.0], 'examen': 20.0, 'moyenne': 19.67}, 'Anglais': {'devoirs': [5.0, 9.0], 'examen': 9.0, 'moyenne': 8.33}, 'Math': {'devoirs': [18.0, 16.0], 'examen': 17.0, 'moyenne': 17.0}, 'HG': {'devoirs': [10.0], 'examen': 11.0, 'moyenne': 10.67}, 'Francais': {'devoirs': [13.12], 'examen': 10.0, 'moyenne': 11.04}}","{'numero': ""'LFNJESM' → Le numéro doit contenir au moins un chiffre""}"
AOD010,JGRHFNE,sy,pathe,31/01/2006,5emeA,"{'SVT': {'devoirs': [12.0], 'examen': 11.0, 'moyenne': 11.33}, 'PC': {'devoirs': [12.0], 'examen': 11.0, 'moyenne': 11.33}, 'Anglais': {'devoirs': [15.0, 14.0], 'examen': 12.0, 'moyenne': 12.83}, 'Math': {'devoirs': [13.0], 'examen': 13.0, 'moyenne': 13.0}, 'HG': {'devoirs': [12.0], 'examen': 14.0, 'moyenne': 13.33}, 'Francais': {'devoirs': [14.11], 'examen': 14.0, 'moyenne': 14.04}}","{'numero': ""'JGRHFNE' → Le numéro doit contenir au moins un chiffre""}"
BMP019,NO895G,DIOUF,Ibou,07/11/1994,5emeB,"{'Math': {'devoirs': [9.0, 10.5, 11.0], 'examen': 16.0, 'moyenne': 14.06}, 'PC': {'devoirs': [12.0, 13.0], 'examen': 19.0, 'moyenne': 16.83}, 'Francais': {'devoirs': [10.0, 11.0], 'examen': 13.0, 'moyenne': 12.17}, 'SVT': {'devoirs': [15.0, 9.0, 16.0, 11.0], 'examen': 12.0, 'moyenne': 12.25}, 'HG': {'devoirs': [13.0], 'examen': 13.0, 'moyenne': 13.0}, 'Anglais': {'devoirs': [13.12], 'examen': 15.0, 'moyenne': 14.37}}","{'numero': ""'NO895G' → Longueur invalide (6 au lieu de 7)""}"
BNT021,NT129YK,T8UR5,Kine,12.32.1990,4emeA,"{'SVT': {'devoirs': [12.0, 18.0], 'examen': 16.0, 'moyenne': 15.67}, 'PC': {'devoirs': [13.0, 16.0], 'examen': 19.0, 'moyenne': 17.5}, 'Francais': {'devoirs': [24.0, 15.0], 'examen': 12.0, 'moyenne': 14.5}, 'Anglais': {'devoirs': [17.0, 19.0], 'examen': 11.0, 'moyenne': 13.33}, 'HG': {'devoirs': [0.0, 7.0], 'examen': 2.0, 'moyenne': 2.5}, 'Math': {'devoirs': [11.0, 13.0], 'examen': 14.0, 'moyenne': 13.33}}","{'date_naissance': ""'12.32.1990' → Format de date non reconnu : '12.32.1990'""}"
BNT021,12OUITY7,Fall,H654F,26/12/1988,5emeB,"{'SVT': {'devoirs': [0.0, 10.0], 'examen': 12.0, 'moyenne': 9.67}, 'PC': {'devoirs': [13.0, 12.0], 'examen': 10.0, 'moyenne': 10.83}, 'Francais': {'devoirs': [12.0, 11.0], 'examen': 13.0, 'moyenne': 12.5}, 'Anglais': {'devoirs': [11.0, 12.0], 'examen': 12.0, 'moyenne': 11.83}, 'HG': {'devoirs': [12.0, 13.0], 'examen': 3.0, 'moyenne': 6.17}, 'Math': {'devoirs': [0.0, 15.0], 'examen': 11.0, 'moyenne': 9.83}}","{'numero': ""'12OUITY7' → Longueur invalide (8 au lieu de 7)"", 'prenom': ""'H654F' → Le prénom doit contenir au moins 3 lettres (trouvé : 2)""}"
BNT021,12DREY89,Sall,Dibor,None,6emeC,"{'SVT': {'devoirs': [12.0, 18.0], 'examen': 16.0, 'moyenne': 15.67}, 'PC': {'devoirs': [13.0, 16.0], 'examen': 19.0, 'moyenne': 17.5}, 'Francais': {'devoirs': [24.0, 15.0], 'examen': 12.0, 'moyenne': 14.5}, 'Anglais': {'devoirs': [17.0, 19.0], 'examen': 11.0, 'moyenne': 13.33}, 'HG': {'devoirs': [0.0, 7.0], 'examen': 2.0, 'moyenne': 2.5}, 'Math': {'devoirs': [11.0, 13.0], 'examen': 14.0, 'moyenne': 13.33}}","{'numero': ""'12DREY89' → Longueur invalide (8 au lieu de 7)"", 'date_naissance': ""'None' → Date manquante""}"
BNT021,BT3456YH,Dingka,Kaba,12/05/1997,4emeA,"{'SVT': {'devoirs': [13.0, 15.0], 'examen': 17.0, 'moyenne': 16.0}, 'PC': {'devoirs': [11.0, 18.0], 'examen': 20.0, 'moyenne': 18.17}, 'Francais': {'devoirs': [12.0, 11.0], 'examen': 13.0, 'moyenne': 12.5}, 'Anglais': {'devoirs': [0.0, 2.0], 'examen': 1.0, 'moyenne': 1.0}, 'HG': {'devoirs': [0.0, 5.0], 'examen': 0.0, 'moyenne': 0.83}, 'Math': {'devoirs': [10.0, 1.0], 'examen': 9.0, 'moyenne': 7.83}}","{'numero': ""'BT3456YH' → Longueur invalide (8 au lieu de 7)""}"
BNT021,DR765TR4,Ndiaye,Ndeye,23/05/1996,5emeD,"{'SVT': {'devoirs': [13.0, 19.0], 'examen': 14.0, 'moyenne': 14.67}, 'PC': {'devoirs': [0.0, 13.0], 'examen': 10.0, 'moyenne': 8.83}, 'Francais': {'devoirs': [4.0, 10.0], 'examen': 17.0, 'moyenne': 13.67}, 'Anglais': {'devoirs': [12.0, 13.0], 'examen': 17.0, 'moyenne': 15.5}, 'HG': {'devoirs': [5.0, 8.0], 'examen': 9.0, 'moyenne': 8.17}, 'Math': {'devoirs': [10.0, 14.0], 'examen': 17.0, 'moyenne': 15.33}}","{'numero': ""'DR765TR4' → Longueur invalide (8 au lieu de 7)""}"
BNT021,GT3456YT,Diop,Sokhna,23/08/1992,4emeA,"{'SVT': {'devoirs': [11.0, 13.0], 'examen': 19.0, 'moyenne': 16.67}, 'PC': {'devoirs': [11.0, 14.0], 'examen': 17.0, 'moyenne': 15.5}, 'Francais': {'devoirs': [12.0, 13.0], 'examen': 16.0, 'moyenne': 14.83}, 'Anglais': {'devoirs': [18.0, 15.0], 'examen': 13.0, 'moyenne': 14.17}, 'HG': {'devoirs': [10.0, 4.0], 'examen': 9.0, 'moyenne': 8.33}, 'Math': {'devoirs': [14.0, 16.0], 'examen': 19.0, 'moyenne': 17.67}}","{'numero': ""'GT3456YT' → Longueur invalide (8 au lieu de 7)""}"
BNT021,34FT768H,Dioum,Khoudia,12/09/1995,6emeB,SVT[00|12:12] #PC[10|15:17] #Francais[00|02:13] #SVT[13|1à:14] #Anglais[14|18:15] #HG[20|15:09] #Math[10|12:16],"{'numero': ""'34FT768H' → Longueur invalide (8 au lieu de 7)"", 'notes': ""Note de devoir invalide '1à' pour SVT""}"
BNT021,45TGFD67,King,Kine,24/05/1998,6emeC,"{'SVT': {'devoirs': [11.0, 8.0], 'examen': 6.0, 'moyenne': 7.17}, 'PC': {'devoirs': [10.0, 12.0], 'examen': 10.0, 'moyenne': 10.33}, 'Francais': {'devoirs': [20.0, 19.0], 'examen': 14.0, 'moyenne': 15.83}, 'Anglais': {'devoirs': [11.0, 19.0], 'examen': 15.0, 'moyenne': 15.0}, 'HG': {'devoirs': [13.0, 15.0], 'examen': 20.0, 'moyenne': 18.0}, 'Math': {'devoirs': [17.0, 18.0], 'examen': 19.0, 'moyenne': 18.5}}","{'numero': ""'45TGFD67' → Longueur invalide (8 au lieu de 7)""}"
BNT021,VFT34UYT,Fakha,Fatou,23/09/1995,3emeA,"{'SVT': {'devoirs': [11.0, 12.0], 'examen': 18.0, 'moyenne': 15.83}, 'PC': {'devoirs': [17.0, 16.0], 'examen': 14.0, 'moyenne': 14.83}, 'Francais': {'devoirs': [20.0, 15.0], 'examen': 18.0, 'moyenne': 17.83}, 'Anglais': {'devoirs': [12.0, 13.0], 'examen': 16.0, 'moyenne': 14.83}, 'HG': {'devoirs': [18.0, 14.0], 'examen': 18.0, 'moyenne': 17.33}, 'Math': {'devoirs': [16.0, 18.0], 'examen': 10.0, 'moyenne': 12.33}}","{'numero': ""'VFT34UYT' → Longueur invalide (8 au lieu de 7)""}"
BNT021,FTR3456G,Drame,Rama,12/03/1992,5emeB,"{'SVT': {'devoirs': [16.0, 19.0], 'examen': 14.0, 'moyenne': 15.17}, 'PC': {'devoirs': [13.0, 14.0], 'examen': 10.0, 'moyenne': 11.17}, 'Francais': {'devoirs': [14.0, 18.0], 'examen': 19.0, 'moyenne': 18.0}, 'Anglais': {'devoirs': [14.0, 15.0], 'examen': 18.0, 'moyenne': 16.83}, 'HG': {'devoirs': [10.0, 7.0], 'examen': 20.0, 'moyenne': 16.17}, 'Math': {'devoirs': [19.0, 17.0], 'examen': 18.0, 'moyenne': 18.0}}","{'numero': ""'FTR3456G' → Longueur invalide (8 au lieu de 7)""}"
